{"cameraMode":{"drawMode":0,"name":"Shaded","section":"Shading Mode"},"sceneLighting":true,"audioPlay":false,"sceneViewState":{"showFog":true,"showMaterialUpdate":false,"showSkybox":true,"showFlares":true,"showImageEffects":true,"showParticleSystems":true},"in2DMode":false,"pivot":{"x":0.0,"y":0.0009999871253967286,"z":0.2540000081062317},"rotation":{"x":-0.1875191628932953,"y":-0.04163750261068344,"z":0.007954939268529415,"w":-0.9813458919525147},"size":0.46669045090675356,"orthographic":false}